Plts,StartNr,Naam,Vereniging/Woonplaats,Cat,PltsCat,NettoTijd,Na1800m,race,date
1,1091,Thomas Lewis,Phanos,Man,1,00:10:53,00:05:11,43e Stayokay Vondelparkloop   Amsterdam   21-01-2018,2018-01-21
2,1495,Daniël de Looze,Phanos,Man,2,00:11:16,00:05:16,43e Stayokay Vondelparkloop   Amsterdam   21-01-2018,2018-01-21
3,1496,Fabian Pusceddu,Lycurgus,Man,3,00:11:50,00:05:51,43e Stayokay Vondelparkloop   Amsterdam   21-01-2018,2018-01-21
4,1324,Edward Monrad,Phanos,Man,4,00:12:01,00:05:53,43e Stayokay Vondelparkloop   Amsterdam   21-01-2018,2018-01-21
5,2096,Marijn Boomars,Barleaus,Vrouw,1,00:12:20,00:05:51,43e Stayokay Vondelparkloop   Amsterdam   21-01-2018,2018-01-21
6,1374,Christopher van Altena,Phanos,Man,5,00:12:53,00:06:19,43e Stayokay Vondelparkloop   Amsterdam   21-01-2018,2018-01-21
7,1448,Fedor Musil,Phanos,Man,6,00:13:57,00:06:53,43e Stayokay Vondelparkloop   Amsterdam   21-01-2018,2018-01-21
8,1489,Kaya Gezgin,Amsterdam,Man,7,00:14:04,00:06:49,43e Stayokay Vondelparkloop   Amsterdam   21-01-2018,2018-01-21
9,1300,Jelle Miedema,Phanos,Man,8,00:14:06,00:06:53,43e Stayokay Vondelparkloop   Amsterdam   21-01-2018,2018-01-21
10,2078,Amina Schellekens,Barleaus,Vrouw,2,00:14:13,00:06:46,43e Stayokay Vondelparkloop   Amsterdam   21-01-2018,2018-01-21
11,1288,Kurt Pichler,Amsterdam,Man,9,00:14:26,00:06:55,43e Stayokay Vondelparkloop   Amsterdam   21-01-2018,2018-01-21
12,1498,Francien de Leeuw,Phanos,Vrouw,3,00:14:26,00:06:56,43e Stayokay Vondelparkloop   Amsterdam   21-01-2018,2018-01-21
13,1022,Monne Sutorius,AV '23,Man,10,00:14:29,00:07:02,43e Stayokay Vondelparkloop   Amsterdam   21-01-2018,2018-01-21
14,433,Ben Sharon,Amstelveen,Man,11,00:14:39,00:07:12,43e Stayokay Vondelparkloop   Amsterdam   21-01-2018,2018-01-21
15,1372,Arjen Post,Amsterdam,Man,12,00:14:42,00:07:03,43e Stayokay Vondelparkloop   Amsterdam   21-01-2018,2018-01-21
16,1338,Faye Traube,AAC,Vrouw,4,00:16:04,00:08:01,43e Stayokay Vondelparkloop   Amsterdam   21-01-2018,2018-01-21
17,2088,Bella Arlman,Barleaus,Vrouw,5,00:16:16,00:07:59,43e Stayokay Vondelparkloop   Amsterdam   21-01-2018,2018-01-21
18,2119,Rutger Schim van der Loef,Barleaus,Man,13,00:16:16,00:07:56,43e Stayokay Vondelparkloop   Amsterdam   21-01-2018,2018-01-21
19,828,Noëly Baan,Phanos,Vrouw,6,00:16:17,00:08:03,43e Stayokay Vondelparkloop   Amsterdam   21-01-2018,2018-01-21
20,841,Rosa Westra,AAC,Vrouw,7,00:16:27,00:08:01,43e Stayokay Vondelparkloop   Amsterdam   21-01-2018,2018-01-21
21,969,Toon Hooijmaijers,Amsterdam,Man,14,00:16:45,00:08:20,43e Stayokay Vondelparkloop   Amsterdam   21-01-2018,2018-01-21
22,1198,Nikki van Herwaarden,Phanos,Vrouw,8,00:17:11,00:08:18,43e Stayokay Vondelparkloop   Amsterdam   21-01-2018,2018-01-21
23,2107,Miles Polanen,Barleaus,Man,15,00:17:25,00:08:30,43e Stayokay Vondelparkloop   Amsterdam   21-01-2018,2018-01-21
24,2185,Cander Jak,Amsterdam,Man,16,00:17:38,00:08:42,43e Stayokay Vondelparkloop   Amsterdam   21-01-2018,2018-01-21
25,2106,Sueda Katirci,Barleaus,Vrouw,9,00:17:40,00:08:41,43e Stayokay Vondelparkloop   Amsterdam   21-01-2018,2018-01-21
26,675,Sam Bogerd,Amsterdam,Man,17,00:17:43,00:08:12,43e Stayokay Vondelparkloop   Amsterdam   21-01-2018,2018-01-21
27,2103,Veronique van Weldam,Barleaus,Vrouw,10,00:17:53,00:08:43,43e Stayokay Vondelparkloop   Amsterdam   21-01-2018,2018-01-21
28,792,Mareille Veenman,Nederlandse Triathlonbond,Vrouw,11,00:17:55,00:08:40,43e Stayokay Vondelparkloop   Amsterdam   21-01-2018,2018-01-21
29,1346,Finn Hes,Amsterdam,Man,18,00:17:58,00:09:20,43e Stayokay Vondelparkloop   Amsterdam   21-01-2018,2018-01-21
30,2080,Thije Boomars,Barleaus,Man,19,00:18:02,00:08:41,43e Stayokay Vondelparkloop   Amsterdam   21-01-2018,2018-01-21
31,302,Anneloes de Geus,Amsterdam,Vrouw,12,00:18:14,00:09:12,43e Stayokay Vondelparkloop   Amsterdam   21-01-2018,2018-01-21
32,303,Ralph Clemens van Bemmel,Amsterdam,Man,20,00:18:14,00:09:11,43e Stayokay Vondelparkloop   Amsterdam   21-01-2018,2018-01-21
33,327,Koen Spelbos,Heemskerk,Man,21,00:18:16,00:09:00,43e Stayokay Vondelparkloop   Amsterdam   21-01-2018,2018-01-21
34,2147,Katy Alberdingk Thijm,Barleaus,Vrouw,13,00:18:20,00:08:48,43e Stayokay Vondelparkloop   Amsterdam   21-01-2018,2018-01-21
35,2100,Boaz Verbeek,Barleaus,Man,22,00:18:21,00:08:49,43e Stayokay Vondelparkloop   Amsterdam   21-01-2018,2018-01-21
36,346,Karen Pier,Voorhout,Vrouw,14,00:18:22,00:09:14,43e Stayokay Vondelparkloop   Amsterdam   21-01-2018,2018-01-21
37,2114,IJsbrand Meeter,Barleaus,Man,23,00:18:24,00:09:00,43e Stayokay Vondelparkloop   Amsterdam   21-01-2018,2018-01-21
38,2117,Ilse Hugtenburg,Barleaus,Vrouw,15,00:18:38,00:09:16,43e Stayokay Vondelparkloop   Amsterdam   21-01-2018,2018-01-21
39,328,Arno Spelbos,Heemskerk,Man,24,00:18:41,00:09:07,43e Stayokay Vondelparkloop   Amsterdam   21-01-2018,2018-01-21
40,2086,Roosmarijn Mulder,Barleaus,Vrouw,16,00:18:57,00:09:14,43e Stayokay Vondelparkloop   Amsterdam   21-01-2018,2018-01-21
41,1246,Dustin Hoffmann,Huizen,Man,25,00:18:58,00:09:18,43e Stayokay Vondelparkloop   Amsterdam   21-01-2018,2018-01-21
42,2111,Lot Hartkamp,Barleaus,Vrouw,17,00:18:58,00:08:52,43e Stayokay Vondelparkloop   Amsterdam   21-01-2018,2018-01-21
43,915,Agnes Hemmes,Amsterdam,Vrouw,18,00:19:19,00:09:14,43e Stayokay Vondelparkloop   Amsterdam   21-01-2018,2018-01-21
44,1135,Kim Djoa,Amsterdam,Man,26,00:19:23,00:09:19,43e Stayokay Vondelparkloop   Amsterdam   21-01-2018,2018-01-21
45,1549,Jushua Sadiq,Amsterdam,Man,27,00:19:27,00:09:09,43e Stayokay Vondelparkloop   Amsterdam   21-01-2018,2018-01-21
46,2082,Anastacia Peters,Barleaus,Vrouw,19,00:19:32,00:09:54,43e Stayokay Vondelparkloop   Amsterdam   21-01-2018,2018-01-21
47,1011,David Spits,Atos,Man,28,00:19:43,00:09:36,43e Stayokay Vondelparkloop   Amsterdam   21-01-2018,2018-01-21
48,1516,Paulijn Bex,Amsterdam,Vrouw,20,00:19:51,00:09:26,43e Stayokay Vondelparkloop   Amsterdam   21-01-2018,2018-01-21
49,1515,Caroline Baan,Amsterdam,Vrouw,21,00:19:52,00:09:27,43e Stayokay Vondelparkloop   Amsterdam   21-01-2018,2018-01-21
50,786,Sammi Conroy,Amsterdam,Man,29,00:20:24,00:09:53,43e Stayokay Vondelparkloop   Amsterdam   21-01-2018,2018-01-21
51,1427,Tamara Mulder,Purmerend,Vrouw,22,00:20:30,00:09:53,43e Stayokay Vondelparkloop   Amsterdam   21-01-2018,2018-01-21
52,959,Ingrid van Buiren,Amsterdam,Vrouw,23,00:20:34,00:09:47,43e Stayokay Vondelparkloop   Amsterdam   21-01-2018,2018-01-21
53,2118,Micky van der Beek,Barleaus,Vrouw,24,00:20:51,00:10:08,43e Stayokay Vondelparkloop   Amsterdam   21-01-2018,2018-01-21
54,743,Mariska van Bohemen,Amsterdam,Vrouw,25,00:20:53,00:10:20,43e Stayokay Vondelparkloop   Amsterdam   21-01-2018,2018-01-21
55,540,Puck de Vries,Ouderkerk aan de Amstel,Vrouw,26,00:20:59,00:10:34,43e Stayokay Vondelparkloop   Amsterdam   21-01-2018,2018-01-21
56,329,Nienke Spelbos,Heemskerk,Vrouw,27,00:21:05,00:09:54,43e Stayokay Vondelparkloop   Amsterdam   21-01-2018,2018-01-21
57,236,Pia Canales,Rotterdam,Vrouw,28,00:21:18,00:10:05,43e Stayokay Vondelparkloop   Amsterdam   21-01-2018,2018-01-21
58,2110,Yuna Gerrits,Barleaus,Vrouw,29,00:21:20,00:09:58,43e Stayokay Vondelparkloop   Amsterdam   21-01-2018,2018-01-21
59,1545,Ali Sadiq,Amsterdam,Man,30,00:21:23,00:11:02,43e Stayokay Vondelparkloop   Amsterdam   21-01-2018,2018-01-21
60,1093,Mike Link,Almere '81,Man,31,00:21:25,00:11:03,43e Stayokay Vondelparkloop   Amsterdam   21-01-2018,2018-01-21
61,1095,Joyce Link,Almere,Vrouw,30,00:21:26,00:11:03,43e Stayokay Vondelparkloop   Amsterdam   21-01-2018,2018-01-21
62,1328,Sahara Witteveen,Diemen,Vrouw,31,00:21:32,00:10:35,43e Stayokay Vondelparkloop   Amsterdam   21-01-2018,2018-01-21
63,1327,Melvin Witteveen-Georgiou,Phanos,Man,32,00:21:32,00:10:35,43e Stayokay Vondelparkloop   Amsterdam   21-01-2018,2018-01-21
64,502,Rob Fafiani,Nederhorst den Berg,Man,33,00:21:38,00:10:43,43e Stayokay Vondelparkloop   Amsterdam   21-01-2018,2018-01-21
65,277,Jasper Versteeg,Weesp,Man,34,00:21:43,00:10:24,43e Stayokay Vondelparkloop   Amsterdam   21-01-2018,2018-01-21
66,1891,Janine Drewes,Noorderpark In Beweging,Vrouw,32,00:21:43, ,43e Stayokay Vondelparkloop   Amsterdam   21-01-2018,2018-01-21
67,2079,Elena Vogelaar,Barleaus,Vrouw,33,00:21:44,00:10:34,43e Stayokay Vondelparkloop   Amsterdam   21-01-2018,2018-01-21
68,1903,Yasmine Manka,Noorderpark In Beweging,Vrouw,34,00:21:44, ,43e Stayokay Vondelparkloop   Amsterdam   21-01-2018,2018-01-21
69,727,Jorine Vervenne,Hoorn Nh,Vrouw,35,00:21:48,00:10:25,43e Stayokay Vondelparkloop   Amsterdam   21-01-2018,2018-01-21
70,726,Carla Sels,Purmerend,Vrouw,36,00:21:49,00:10:26,43e Stayokay Vondelparkloop   Amsterdam   21-01-2018,2018-01-21
71,1010,Claudine Smitter,Amsterdam,Vrouw,37,00:21:51,00:10:04,43e Stayokay Vondelparkloop   Amsterdam   21-01-2018,2018-01-21
72,1989,Wouter Klarenbeek,Lanx Cares,Man,35,00:21:51,00:10:47,43e Stayokay Vondelparkloop   Amsterdam   21-01-2018,2018-01-21
73,1422,Montse Pascual Puerto,Amsterdam,Vrouw,38,00:21:51,00:09:55,43e Stayokay Vondelparkloop   Amsterdam   21-01-2018,2018-01-21
74,1146,Lizzy Buisman,Hoorn Nh,Vrouw,39,00:21:52,00:11:09,43e Stayokay Vondelparkloop   Amsterdam   21-01-2018,2018-01-21
75,1988,Jelle Vellema,Lanx Cares,Man,36,00:21:53,00:10:47,43e Stayokay Vondelparkloop   Amsterdam   21-01-2018,2018-01-21
76,934,Marloes Griffioen,Amsterdam,Vrouw,40,00:21:58,00:10:56,43e Stayokay Vondelparkloop   Amsterdam   21-01-2018,2018-01-21
77,1573,Laura Korsten,Amsterdam,Vrouw,41,00:21:58,00:10:56,43e Stayokay Vondelparkloop   Amsterdam   21-01-2018,2018-01-21
78,536,Thomas Zaufal,Amsterdam,Man,37,00:22:19,00:11:11,43e Stayokay Vondelparkloop   Amsterdam   21-01-2018,2018-01-21
79,2102,Julia Lamers,Barleaus,Vrouw,42,00:22:20,00:11:04,43e Stayokay Vondelparkloop   Amsterdam   21-01-2018,2018-01-21
80,2089,Kristal Labort,Barleaus,Vrouw,43,00:22:24,00:10:34,43e Stayokay Vondelparkloop   Amsterdam   21-01-2018,2018-01-21
81,2116,Annemay Fransen,Barleaus,Vrouw,44,00:22:31,00:10:44,43e Stayokay Vondelparkloop   Amsterdam   21-01-2018,2018-01-21
82,2115,Ghizlane Kamil,Barleaus,Vrouw,45,00:22:36,00:10:44,43e Stayokay Vondelparkloop   Amsterdam   21-01-2018,2018-01-21
83,1166,Josh Andrew, ,Man,38,00:22:38,00:11:01,43e Stayokay Vondelparkloop   Amsterdam   21-01-2018,2018-01-21
84,1096,Ilonka Hemminga,Almere,Vrouw,46,00:22:40,00:11:02,43e Stayokay Vondelparkloop   Amsterdam   21-01-2018,2018-01-21
85,2146,Fiena Blitz,Barleaus,Vrouw,47,00:22:44,00:12:12,43e Stayokay Vondelparkloop   Amsterdam   21-01-2018,2018-01-21
86,2101,Zoe Stek,Barleaus,Vrouw,48,00:22:44,00:12:11,43e Stayokay Vondelparkloop   Amsterdam   21-01-2018,2018-01-21
87,2174,Cylia Hendriks,Lanx Cares,Vrouw,49,00:22:45,00:11:19,43e Stayokay Vondelparkloop   Amsterdam   21-01-2018,2018-01-21
88,1434,Flos Lutgerhorst,Amsterdam,Vrouw,50,00:22:45,00:11:24,43e Stayokay Vondelparkloop   Amsterdam   21-01-2018,2018-01-21
89,2099,Hannah Reijnders,Barleaus,Vrouw,51,00:22:45,00:12:12,43e Stayokay Vondelparkloop   Amsterdam   21-01-2018,2018-01-21
90,2077,Isabelle van Dalen,Barleaus,Vrouw,52,00:22:54,00:10:23,43e Stayokay Vondelparkloop   Amsterdam   21-01-2018,2018-01-21
91,787,Noa Conroy,Amsterdam,Vrouw,53,00:22:56,00:11:26,43e Stayokay Vondelparkloop   Amsterdam   21-01-2018,2018-01-21
92,788,Coen Conroy,Amsterdam,Man,39,00:23:00,00:11:26,43e Stayokay Vondelparkloop   Amsterdam   21-01-2018,2018-01-21
93,924,Pauline Kaljouw,Amsterdam,Vrouw,54,00:23:01,00:10:50,43e Stayokay Vondelparkloop   Amsterdam   21-01-2018,2018-01-21
94,1570,Manon Archambaud,Amsterdam,Vrouw,55,00:23:14,00:11:08,43e Stayokay Vondelparkloop   Amsterdam   21-01-2018,2018-01-21
95,1453,Angelica Rodrigues,Amsterdam,Vrouw,56,00:23:19,00:11:04,43e Stayokay Vondelparkloop   Amsterdam   21-01-2018,2018-01-21
96,2091,Cath Wolfs,Barleaus,Vrouw,57,00:23:25,00:11:47,43e Stayokay Vondelparkloop   Amsterdam   21-01-2018,2018-01-21
97,1999,Vivian Koopmanschap,Lanx Cares,Vrouw,58,00:23:29,00:11:19,43e Stayokay Vondelparkloop   Amsterdam   21-01-2018,2018-01-21
98,875,Marie-Claire Dassen,Amsterdam,Vrouw,59,00:23:36,00:11:16,43e Stayokay Vondelparkloop   Amsterdam   21-01-2018,2018-01-21
99,2104,Bibiana Luz Kleverlaan,Barleaus,Vrouw,60,00:23:41,00:11:40,43e Stayokay Vondelparkloop   Amsterdam   21-01-2018,2018-01-21
100,1094,Ferdi Klomp,Almere,Man,40,00:23:46,00:11:15,43e Stayokay Vondelparkloop   Amsterdam   21-01-2018,2018-01-21
101,1462,Farrah de Groot-Stam,Hilversum,Vrouw,61,00:23:50,00:11:30,43e Stayokay Vondelparkloop   Amsterdam   21-01-2018,2018-01-21
102,1153,Milian Esquivel,Amsterdam,Vrouw,62,00:23:54,00:11:33,43e Stayokay Vondelparkloop   Amsterdam   21-01-2018,2018-01-21
103,1475,Annette van Hemert,Lelystad,Vrouw,63,00:24:03,00:11:35,43e Stayokay Vondelparkloop   Amsterdam   21-01-2018,2018-01-21
104,1476,Mike Steenvoorden,Amsterdam,Man,41,00:24:03,00:11:35,43e Stayokay Vondelparkloop   Amsterdam   21-01-2018,2018-01-21
105,2083,Liora Godfried,Barleaus,Vrouw,64,00:24:25,00:11:25,43e Stayokay Vondelparkloop   Amsterdam   21-01-2018,2018-01-21
106,2113,Ayla Lunes,Barleaus,Vrouw,65,00:24:26,00:11:26,43e Stayokay Vondelparkloop   Amsterdam   21-01-2018,2018-01-21
107,1569,Tanya Robbertze,Amsterdam,Vrouw,66,00:24:30,00:11:33,43e Stayokay Vondelparkloop   Amsterdam   21-01-2018,2018-01-21
108,1273,Tianhao Hu,Diemen,Man,42,00:24:31,00:12:03,43e Stayokay Vondelparkloop   Amsterdam   21-01-2018,2018-01-21
109,1118,Bego Fernandez Lacabe,Amsterdam,Vrouw,67,00:24:33,00:11:33,43e Stayokay Vondelparkloop   Amsterdam   21-01-2018,2018-01-21
110,1117,Helena Barroso,Amsterdam,Vrouw,68,00:24:33,00:11:33,43e Stayokay Vondelparkloop   Amsterdam   21-01-2018,2018-01-21
111,539,Floor de Vries,Ouderkerk aan de Amstel,Vrouw,69,00:24:35,00:12:17,43e Stayokay Vondelparkloop   Amsterdam   21-01-2018,2018-01-21
112,537,Esther Bosman,Ouderkerk aan de Amstel,Vrouw,70,00:24:36,00:12:17,43e Stayokay Vondelparkloop   Amsterdam   21-01-2018,2018-01-21
113,2176,Anna de Vey Mestdagh,Lanx Cares,Vrouw,71,00:24:37,00:11:36,43e Stayokay Vondelparkloop   Amsterdam   21-01-2018,2018-01-21
114,631,Lina Chu,Oudewater,Vrouw,72,00:24:42,00:11:50,43e Stayokay Vondelparkloop   Amsterdam   21-01-2018,2018-01-21
115,630,Daniella Sichtman,'s-Gravenhage,Vrouw,73,00:24:42,00:11:51,43e Stayokay Vondelparkloop   Amsterdam   21-01-2018,2018-01-21
116,1995,Esther Herman,Lanx Cares,Vrouw,74,00:24:45,00:11:13,43e Stayokay Vondelparkloop   Amsterdam   21-01-2018,2018-01-21
117,2108,Yannick Josephusjitta,Barleaus,Man,43,00:24:50,00:12:36,43e Stayokay Vondelparkloop   Amsterdam   21-01-2018,2018-01-21
118,2105,Lanan Rhodes,Barleaus,Vrouw,75,00:25:00,00:12:36,43e Stayokay Vondelparkloop   Amsterdam   21-01-2018,2018-01-21
119,2120,Micha Klok,Barleaus,Man,44,00:25:00,00:12:35,43e Stayokay Vondelparkloop   Amsterdam   21-01-2018,2018-01-21
120,1013,Rosha Hubens,Amsterdam,Vrouw,76,00:25:00,00:12:43,43e Stayokay Vondelparkloop   Amsterdam   21-01-2018,2018-01-21
121,1110,Christopher Ravestijn,Rijswijk Zh,Man,45,00:25:01,00:12:43,43e Stayokay Vondelparkloop   Amsterdam   21-01-2018,2018-01-21
122,280,Chaya Rampersad,Amsterdam,Vrouw,77,00:25:04,00:12:25,43e Stayokay Vondelparkloop   Amsterdam   21-01-2018,2018-01-21
123,1187,René Brachthuizen,Zaandam,Man,46,00:25:08,00:12:15,43e Stayokay Vondelparkloop   Amsterdam   21-01-2018,2018-01-21
124,1412,Joyce Bergsma,Amsterdam,Vrouw,78,00:25:16,00:12:52,43e Stayokay Vondelparkloop   Amsterdam   21-01-2018,2018-01-21
125,2200,Sabien Verhoeven,Amsterdam,Vrouw,79,00:25:16,00:07:40,43e Stayokay Vondelparkloop   Amsterdam   21-01-2018,2018-01-21
126,1548,Jaro Sadiq,Amsterdam,Man,47,00:25:23,00:11:27,43e Stayokay Vondelparkloop   Amsterdam   21-01-2018,2018-01-21
127,2084,Pippen Sardjoe,Barleaus,Vrouw,80,00:25:35,00:11:49,43e Stayokay Vondelparkloop   Amsterdam   21-01-2018,2018-01-21
128,1450,Joy Merkelbag,Feniks,Vrouw,81,00:25:35,00:12:43,43e Stayokay Vondelparkloop   Amsterdam   21-01-2018,2018-01-21
129,1454,Mariska Schirmann,Zaandam,Vrouw,82,00:25:36,00:12:43,43e Stayokay Vondelparkloop   Amsterdam   21-01-2018,2018-01-21
130,2085,Anouk Cicak,Barleaus,Vrouw,83,00:25:36,00:11:49,43e Stayokay Vondelparkloop   Amsterdam   21-01-2018,2018-01-21
131,1335,Nicole van Ee,Zaandam,Vrouw,84,00:25:50,00:12:23,43e Stayokay Vondelparkloop   Amsterdam   21-01-2018,2018-01-21
132,1398,Khymo Djoa,Amsterdam,Man,48,00:26:07,00:12:39,43e Stayokay Vondelparkloop   Amsterdam   21-01-2018,2018-01-21
133,1136,Sophia van Nood,Amsterdam,Vrouw,85,00:26:07,00:12:39,43e Stayokay Vondelparkloop   Amsterdam   21-01-2018,2018-01-21
134,1099,Anna Datema,Amsterdam Zuidoost,Vrouw,86,00:26:08,00:13:35,43e Stayokay Vondelparkloop   Amsterdam   21-01-2018,2018-01-21
135,860,Menke Peper,Amsterdam,Vrouw,87,00:26:12,00:12:21,43e Stayokay Vondelparkloop   Amsterdam   21-01-2018,2018-01-21
136,1505,Inge Niesse,Amsterdam,Vrouw,88,00:26:14,00:12:36,43e Stayokay Vondelparkloop   Amsterdam   21-01-2018,2018-01-21
137,1420,Wally Soesman,Amsterdam,Man,49,00:26:23,00:12:55,43e Stayokay Vondelparkloop   Amsterdam   21-01-2018,2018-01-21
138,1536,Shannon Hoffmann,Hilversum,Vrouw,89,00:26:30,00:12:56,43e Stayokay Vondelparkloop   Amsterdam   21-01-2018,2018-01-21
139,882,Lena Stremler,Amsterdam,Vrouw,90,00:26:39,00:12:01,43e Stayokay Vondelparkloop   Amsterdam   21-01-2018,2018-01-21
140,749,Cilla Verbeek,Amstelveen,Vrouw,91,00:26:52,00:12:02,43e Stayokay Vondelparkloop   Amsterdam   21-01-2018,2018-01-21
141,1355,Chloe de Roos Feinberg,Amsterdam,Vrouw,92,00:26:52,00:13:21,43e Stayokay Vondelparkloop   Amsterdam   21-01-2018,2018-01-21
142,2090,Laura Jovanovic,Barleaus,Vrouw,93,00:26:58,00:10:50,43e Stayokay Vondelparkloop   Amsterdam   21-01-2018,2018-01-21
143,479,Hetty Boone,Amsterdam,Vrouw,94,00:26:58,00:12:52,43e Stayokay Vondelparkloop   Amsterdam   21-01-2018,2018-01-21
144,535,Carolyn Smith,Amsterdam,Vrouw,95,00:26:58,00:12:13,43e Stayokay Vondelparkloop   Amsterdam   21-01-2018,2018-01-21
145,2184,Annette Schoof,Hoorn,Vrouw,96,00:27:10,00:12:39,43e Stayokay Vondelparkloop   Amsterdam   21-01-2018,2018-01-21
146,2109,Setare Beyrami,Barleaus,Vrouw,97,00:27:28,00:12:22,43e Stayokay Vondelparkloop   Amsterdam   21-01-2018,2018-01-21
147,671,Naomi Beijer,Amsterdam,Vrouw,98,00:27:41,00:13:19,43e Stayokay Vondelparkloop   Amsterdam   21-01-2018,2018-01-21
148,574,Michèle Reijnen,Volendam,Vrouw,99,00:27:48,00:13:18,43e Stayokay Vondelparkloop   Amsterdam   21-01-2018,2018-01-21
149,1278,BRENDA van der Oord,Sassenheim,Vrouw,100,00:27:49,00:13:50,43e Stayokay Vondelparkloop   Amsterdam   21-01-2018,2018-01-21
150,575,Gina Voskuilen,Volendam,Vrouw,101,00:27:52,00:13:22,43e Stayokay Vondelparkloop   Amsterdam   21-01-2018,2018-01-21
151,2095,Helena Diks,Barleaus,Vrouw,102,00:27:56,00:12:27,43e Stayokay Vondelparkloop   Amsterdam   21-01-2018,2018-01-21
152,641,Annelies Giezeman,Amsterdam,Vrouw,103,00:27:56,00:11:25,43e Stayokay Vondelparkloop   Amsterdam   21-01-2018,2018-01-21
153,2112,Marieke van den Broek,Barleaus,Vrouw,104,00:27:58,00:11:47,43e Stayokay Vondelparkloop   Amsterdam   21-01-2018,2018-01-21
154,415,John Bullen,Amsterdam,Man,50,00:28:04,00:13:03,43e Stayokay Vondelparkloop   Amsterdam   21-01-2018,2018-01-21
155,1208,Danielle van Dam,Amsterdam,Vrouw,105,00:28:08,00:13:10,43e Stayokay Vondelparkloop   Amsterdam   21-01-2018,2018-01-21
156,1978,Bobje Kleijwegt,Lanx Cares,Vrouw,106,00:28:34,00:11:04,43e Stayokay Vondelparkloop   Amsterdam   21-01-2018,2018-01-21
157,1554,Marga van Beek,Amstelveen,Vrouw,107,00:28:37,00:13:37,43e Stayokay Vondelparkloop   Amsterdam   21-01-2018,2018-01-21
158,1376,Robby Gittens,Amsterdam Zuidoost,Man,51,00:28:40,00:13:39,43e Stayokay Vondelparkloop   Amsterdam   21-01-2018,2018-01-21
159,1379,Rolston Gittens,Amsterdam Zuidoost,Man,52,00:28:42,00:13:40,43e Stayokay Vondelparkloop   Amsterdam   21-01-2018,2018-01-21
160,1528,Jannetje Klaver,Amsterdam,Vrouw,108,00:29:13,00:14:09,43e Stayokay Vondelparkloop   Amsterdam   21-01-2018,2018-01-21
161,490,Marielle Boerstoel,Amsterdam,Vrouw,109,00:29:25,00:14:07,43e Stayokay Vondelparkloop   Amsterdam   21-01-2018,2018-01-21
162,1026,Rob Ramaekers,Amsterdam,Man,53,00:30:04,00:13:27,43e Stayokay Vondelparkloop   Amsterdam   21-01-2018,2018-01-21
163,1028,Dorothée Ramaekers,Amsterdam,Vrouw,110,00:30:05,00:13:27,43e Stayokay Vondelparkloop   Amsterdam   21-01-2018,2018-01-21
164,1037,Wouter Riedijk,Rotterdam,Man,54,00:30:06,00:13:21,43e Stayokay Vondelparkloop   Amsterdam   21-01-2018,2018-01-21
165,747,Hernita Lumban Batu,Nieuwegein,Vrouw,111,00:31:01,00:14:32,43e Stayokay Vondelparkloop   Amsterdam   21-01-2018,2018-01-21
166,269,Nathalie Nabarro,Amsterdam,Vrouw,112,00:31:24,00:13:54,43e Stayokay Vondelparkloop   Amsterdam   21-01-2018,2018-01-21
167,1074,Sophie Elzinga,Amsterdam,Vrouw,113,00:32:25,00:15:19,43e Stayokay Vondelparkloop   Amsterdam   21-01-2018,2018-01-21
168,1075,Hanneke Lazeron,Koog aan de Zaan,Vrouw,114,00:32:25,00:15:19,43e Stayokay Vondelparkloop   Amsterdam   21-01-2018,2018-01-21
169,1514,Deepak Soekhoe,Amsterdam,Man,55,00:32:49,00:09:55,43e Stayokay Vondelparkloop   Amsterdam   21-01-2018,2018-01-21
170,481,Nelleke Crans,Bussum,Vrouw,115,00:32:59,00:16:31,43e Stayokay Vondelparkloop   Amsterdam   21-01-2018,2018-01-21
171,861,Bente van Os,Amsterdam,Vrouw,116,00:33:03,00:16:32,43e Stayokay Vondelparkloop   Amsterdam   21-01-2018,2018-01-21
172,1408,Romy van Dam,Amsterdam,Vrouw,117,00:33:41,00:13:10,43e Stayokay Vondelparkloop   Amsterdam   21-01-2018,2018-01-21
173,444,Laura Stoop,Amsterdam,Vrouw,118,00:35:56,00:08:59,43e Stayokay Vondelparkloop   Amsterdam   21-01-2018,2018-01-21
174,563,Anton Brink,Amsterdam,Man,56,00:35:56,00:08:59,43e Stayokay Vondelparkloop   Amsterdam   21-01-2018,2018-01-21
175,1895,Elsi,Noorderpark In Beweging,Vrouw,119,00:38:10, ,43e Stayokay Vondelparkloop   Amsterdam   21-01-2018,2018-01-21
176,561,Selvia Root,Amsterdam,Vrouw,120,00:39:26,00:10:33,43e Stayokay Vondelparkloop   Amsterdam   21-01-2018,2018-01-21
177,656,Declan Rack,Amsterdam,Man,57,00:39:54,00:10:35,43e Stayokay Vondelparkloop   Amsterdam   21-01-2018,2018-01-21
178,400,Ernst Kolvenbag,Naarden,Man,58,00:40:41,00:10:37,43e Stayokay Vondelparkloop   Amsterdam   21-01-2018,2018-01-21
179,1147,Daan Roovers,Amsterdam,Vrouw,121,00:41:45,00:30:55,43e Stayokay Vondelparkloop   Amsterdam   21-01-2018,2018-01-21
180,1887,Michael Downer,Under Armour Europe BV,Man,59,00:42:42, ,43e Stayokay Vondelparkloop   Amsterdam   21-01-2018,2018-01-21
181,1896,Bea Otten,Noorderpark In Beweging,Vrouw,122,00:44:42,00:21:35,43e Stayokay Vondelparkloop   Amsterdam   21-01-2018,2018-01-21
182,1890,Nathan Lotz,Noorderpark In Beweging,Man,60,00:45:32,00:21:38,43e Stayokay Vondelparkloop   Amsterdam   21-01-2018,2018-01-21
183,2081,Sanneke Bijlsma,Barleaus,Vrouw,123,00:47:38, ,43e Stayokay Vondelparkloop   Amsterdam   21-01-2018,2018-01-21
184,1899,Raja,Noorderpark In Beweging,Vrouw,124,00:47:39,00:23:08,43e Stayokay Vondelparkloop   Amsterdam   21-01-2018,2018-01-21
185,2093,Polly Korteweg,Barleaus,Vrouw,125,00:47:39,00:12:28,43e Stayokay Vondelparkloop   Amsterdam   21-01-2018,2018-01-21
186,2097,Adam Rahouti,Barleaus,Man,61,00:47:40,00:12:28,43e Stayokay Vondelparkloop   Amsterdam   21-01-2018,2018-01-21
187,1902,Maher Abdulhak,Noorderpark In Beweging,Man,62,00:53:20,00:13:13,43e Stayokay Vondelparkloop   Amsterdam   21-01-2018,2018-01-21
188,1893,Muzzafar Audeel,Noorderpark In Beweging,Man,63,00:53:22,00:13:14,43e Stayokay Vondelparkloop   Amsterdam   21-01-2018,2018-01-21
189,808,Claudia HUndersmarck,Weesp,Vrouw,126,01:05:34, ,43e Stayokay Vondelparkloop   Amsterdam   21-01-2018,2018-01-21
